Healthy life expectancy at birth,Generosity,Positive affect,Negative affect,Country name
50800,168,518,258,Afghanistan
51200,190,584,237,Afghanistan
51600,121,618,275,Afghanistan
51920,162,611,267,Afghanistan
52240,236,710,268,Afghanistan
52560,61,621,273,Afghanistan
52880,104,532,375,Afghanistan
53200,80,554,339,Afghanistan
53000,42,565,348,Afghanistan
52800,-121,496,371,Afghanistan
52600,-94,424,405,Afghanistan
52400,-108,351,502,Afghanistan
65800,-9,553,246,Albania
66200,-158,640,279,Albania
66400,-172,648,300,Albania
66680,-205,628,257,Albania
66960,-169,607,271,Albania
67240,-127,634,338,Albania
67520,-25,685,335,Albania
67800,-81,688,350,Albania
68100,-17,675,322,Albania
68400,-29,669,334,Albania
68700,9,713,319,Albania
69000,-99,681,274,Albania
69300,7,679,265,Albania
64500,-205,,,Algeria
64660,-181,550,255,Algeria
64820,-172,604,230,Algeria
65140,,626,177,Algeria
65500,,661,377,Algeria
65700,-167,642,289,Algeria
65900,-146,591,293,Algeria
66100,5,585,215,Algeria
52500,55,659,361,Angola
53200,-136,558,305,Angola
53900,-104,658,371,Angola
54600,-168,579,368,Angola
66820,-157,825,328,Argentina
66940,-141,828,279,Argentina
67060,-132,823,318,Argentina
67180,-130,864,237,Argentina
67300,-126,846,211,Argentina
67480,-174,840,232,Argentina
67660,-148,857,272,Argentina
67840,-130,842,254,Argentina
68020,-164,857,238,Argentina
68200,-174,859,305,Argentina
68400,-192,842,312,Argentina
68600,-186,809,292,Argentina
68800,-211,820,321,Argentina
69000,-211,826,319,Argentina
69200,-122,764,342,Argentina
64800,-231,494,469,Armenia
64900,-251,507,412,Armenia
65000,-215,521,385,Armenia
65100,-214,543,411,Armenia
65200,-176,510,426,Armenia
65360,-225,475,459,Armenia
65520,-215,518,464,Armenia
65680,-195,562,450,Armenia
65840,-218,581,404,Armenia
66000,-203,594,438,Armenia
66300,-170,594,437,Armenia
66600,-147,625,437,Armenia
66900,-163,581,455,Armenia
67200,-172,598,430,Armenia
71400,,843,238,Australia
71720,347,826,215,Australia
71880,305,826,218,Australia
72200,317,834,220,Australia
72300,369,816,195,Australia
72400,274,811,214,Australia
72500,269,819,177,Australia
72600,319,775,245,Australia
72700,332,790,210,Australia
73000,239,791,236,Australia
73300,317,780,225,Australia
73600,146,759,187,Australia
73900,121,770,202,Australia
74200,210,769,205,Australia
70760,302,823,174,Austria
71080,291,832,173,Austria
71400,131,815,156,Austria
71540,132,789,145,Austria
71680,118,822,157,Austria
71820,168,787,163,Austria
71960,118,780,170,Austria
72100,99,798,164,Austria
72400,80,756,197,Austria
72700,133,748,180,Austria
73000,53,752,226,Austria
73300,60,774,205,Austria
73600,11,769,206,Austria
61880,-235,512,276,Azerbaijan
62260,-207,521,284,Azerbaijan
62640,-29,578,227,Azerbaijan
63020,-87,544,234,Azerbaijan
63400,-123,527,272,Azerbaijan
63640,-105,536,258,Azerbaijan
63880,-140,554,266,Azerbaijan
64120,-168,619,242,Azerbaijan
64360,-208,598,220,Azerbaijan
64600,-198,607,206,Azerbaijan
64600,-198,607,206,Azerbaijan
65200,-225,592,198,Azerbaijan
65500,-232,593,191,Azerbaijan
65800,-214,643,164,Azerbaijan
65940,37,764,422,Bahrain
66300,-1,685,423,Bahrain
66580,-51,544,514,Bahrain
66860,,589,381,Bahrain
67140,,768,306,Bahrain
67420,,,,Bahrain
67700,112,716,303,Bahrain
68100,88,787,283,Bahrain
68500,136,814,290,Bahrain
69300,48,762,317,Bahrain
69700,132,790,297,Bahrain
59020,68,600,321,Bangladesh
59440,40,635,313,Bangladesh
59860,-44,725,232,Bangladesh
60280,-75,670,223,Bangladesh
60700,-16,629,292,Bangladesh
61120,-69,685,235,Bangladesh
61540,-34,714,183,Bangladesh
61960,-16,619,246,Bangladesh
62380,-98,,231,Bangladesh
62800,-68,635,226,Bangladesh
63300,-89,560,235,Bangladesh
63800,12,569,214,Bangladesh
64300,-43,541,361,Bangladesh
64800,-51,537,369,Bangladesh
65300,-9,582,332,Bangladesh
61100,-246,605,269,Belarus
61400,-225,596,235,Belarus
61700,-220,,246,Belarus
62000,-203,566,223,Belarus
62300,-163,567,208,Belarus
62880,-168,521,249,Belarus
63460,-217,523,181,Belarus
64040,-177,609,206,Belarus
64620,-48,619,209,Belarus
65200,-91,584,184,Belarus
65500,-125,554,182,Belarus
65800,-122,541,233,Belarus
66100,-174,450,236,Belarus
66400,-186,591,190,Belarus
69900,,796,260,Belgium
70260,69,813,218,Belgium
70440,7,813,242,Belgium
70800,22,828,240,Belgium
70920,-14,835,225,Belgium
71040,-50,820,238,Belgium
71160,17,797,217,Belgium
71280,1,798,252,Belgium
71400,62,805,240,Belgium
71600,-56,765,260,Belgium
71800,54,786,234,Belgium
72000,-125,750,250,Belgium
72200,-172,733,244,Belgium
72400,-164,647,260,Belgium
61600,33,759,251,Belize
62220,22,755,282,Belize
50100,-11,587,309,Benin
50900,-4,584,303,Benin
51980,-142,626,219,Benin
52260,-111,583,231,Benin
52540,-85,702,216,Benin
52820,-96,590,273,Benin
53100,-27,592,373,Benin
53500,-65,608,456,Benin
53900,-65,615,458,Benin
54300,2,647,468,Benin
54700,-16,659,441,Benin
55100,-83,609,305,Benin
59600,353,779,217,Bhutan
59900,268,859,324,Bhutan
60200,277,810,312,Bhutan
59000,-44,739,432,Bolivia
59500,1,771,388,Bolivia
60000,-92,781,392,Bolivia
60500,-36,797,372,Bolivia
61000,-68,766,350,Bolivia
61340,-39,761,361,Bolivia
61680,-15,782,409,Bolivia
62020,-67,759,410,Bolivia
62360,18,809,398,Bolivia
62700,-30,786,393,Bolivia
63000,-47,783,376,Bolivia
63300,-120,698,434,Bolivia
63600,-93,742,387,Bolivia
63900,-86,751,419,Bolivia
64200,-54,790,382,Bolivia
66040,6,613,296,Bosnia and Herzegovina
66480,-26,572,390,Bosnia and Herzegovina
66700,-128,517,409,Bosnia and Herzegovina
66740,-35,596,326,Bosnia and Herzegovina
66780,-13,548,338,Bosnia and Herzegovina
66820,42,544,315,Bosnia and Herzegovina
66860,232,531,262,Bosnia and Herzegovina
66900,-55,534,286,Bosnia and Herzegovina
67200,134,641,304,Bosnia and Herzegovina
67500,92,597,271,Bosnia and Herzegovina
67800,123,643,277,Bosnia and Herzegovina
68100,79,633,238,Bosnia and Herzegovina
68400,138,644,325,Bosnia and Herzegovina
46820,-195,688,226,Botswana
49860,-164,731,218,Botswana
52900,-143,690,172,Botswana
53680,-250,739,160,Botswana
54460,-203,773,171,Botswana
55240,-154,698,244,Botswana
56020,-105,674,245,Botswana
56800,-116,746,261,Botswana
57500,-253,686,252,Botswana
58200,-248,656,276,Botswana
58900,-254,730,267,Botswana
59600,-239,712,273,Botswana
63300,,818,302,Brazil
63780,-16,859,299,Brazil
64020,-78,820,265,Brazil
64260,-55,833,274,Brazil
64500,-54,817,250,Brazil
64760,-72,807,268,Brazil
65020,,755,350,Brazil
65280,-95,818,276,Brazil
65540,-115,788,274,Brazil
65800,-16,755,325,Brazil
66000,-100,763,302,Brazil
66200,-175,716,308,Brazil
66400,-117,750,350,Brazil
66600,-62,761,337,Brazil
66800,-53,692,389,Brazil
65100,-138,594,226,Bulgaria
65700,-144,546,238,Bulgaria
65800,-228,534,271,Bulgaria
65900,-172,573,237,Bulgaria
66000,-191,623,278,Bulgaria
66100,-55,628,236,Bulgaria
66200,-200,643,214,Bulgaria
66400,-170,622,172,Bulgaria
66600,-154,614,189,Bulgaria
66800,-176,639,189,Bulgaria
67000,-109,663,200,Bulgaria
67200,-4,706,221,Bulgaria
46660,28,716,266,Burkina Faso
47420,-60,651,281,Burkina Faso
48180,-101,523,304,Burkina Faso
49700,-36,590,217,Burkina Faso
50240,-105,579,205,Burkina Faso
50780,-70,545,300,Burkina Faso
51320,-16,630,287,Burkina Faso
51860,-4,614,256,Burkina Faso
52400,4,579,359,Burkina Faso
52900,-1,616,337,Burkina Faso
53400,-63,585,354,Burkina Faso
53900,-13,711,343,Burkina Faso
54400,-4,691,365,Burkina Faso
49020,-19,440,253,Burundi
49660,-19,641,164,Burundi
50680,-62,689,190,Burundi
51820,-59,656,251,Burundi
53400,-24,666,363,Burundi
55300,255,719,341,Cambodia
56100,116,,320,Cambodia
56900,45,739,335,Cambodia
57700,152,796,188,Cambodia
58500,350,774,422,Cambodia
58880,418,799,308,Cambodia
59260,247,820,352,Cambodia
59640,164,792,440,Cambodia
60020,239,783,482,Cambodia
60400,210,813,399,Cambodia
60800,76,839,398,Cambodia
61200,88,799,408,Cambodia
61600,36,845,414,Cambodia
62000,13,844,390,Cambodia
62400,52,878,390,Cambodia
45980,-9,606,271,Cameroon
46560,-31,635,249,Cameroon
47140,-69,600,312,Cameroon
47720,-17,593,250,Cameroon
48300,2,606,274,Cameroon
48700,-29,598,272,Cameroon
49100,-32,618,284,Cameroon
49500,-30,681,268,Cameroon
49900,-71,623,216,Cameroon
50300,49,651,346,Cameroon
51100,-3,662,367,Cameroon
51900,-28,632,377,Cameroon
52700,36,642,356,Cameroon
53500,-8,629,326,Cameroon
54300,49,630,386,Cameroon
71300,256,839,233,Canada
71660,249,872,257,Canada
71840,262,890,202,Canada
72020,246,867,248,Canada
72200,230,879,233,Canada
72360,253,881,248,Canada
72520,290,857,229,Canada
72680,316,851,263,Canada
72840,270,833,259,Canada
73000,253,845,286,Canada
73200,211,825,237,Canada
73400,163,863,218,Canada
73600,106,824,259,Canada
73800,112,822,285,Canada
74000,50,796,307,Canada
40900,81,568,330,Central African Republic
42700,-36,523,257,Central African Republic
43080,-16,524,277,Central African Republic
44900,33,579,494,Central African Republic
45200,73,614,599,Central African Republic
43180,28,580,263,Chad
43660,-11,614,245,Chad
44140,63,569,225,Chad
44620,21,557,221,Chad
45100,25,545,287,Chad
45420,31,591,289,Chad
45740,-34,527,316,Chad
46060,-45,462,314,Chad
46380,-70,536,329,Chad
46700,-29,607,358,Chad
47200,52,582,468,Chad
47700,8,628,538,Chad
48200,24,553,544,Chad
48700,55,587,460,Chad
68660,168,804,348,Chile
68720,244,767,342,Chile
68780,84,757,330,Chile
68840,149,808,300,Chile
68900,108,809,300,Chile
69040,112,804,317,Chile
69180,195,815,288,Chile
69320,85,855,285,Chile
69460,217,870,276,Chile
69600,41,803,333,Chile
69700,102,869,283,Chile
69800,-20,838,291,Chile
69900,-60,833,276,Chile
70000,-103,809,337,Chile
70100,33,815,336,Chile
66880,,809,170,China
67060,-176,817,159,China
67240,-92,817,147,China
67420,-160,786,162,China
67600,-133,765,158,China
67760,-186,820,134,China
67920,-185,821,159,China
68080,-158,836,142,China
68240,-217,854,112,China
68400,-244,809,171,China
68700,-228,826,146,China
69000,-175,821,214,China
69300,-159,856,190,China
69600,-173,891,147,China
69900,-103,789,245,China
65220,-15,800,326,Colombia
65340,-40,808,287,Colombia
65460,-42,803,307,Colombia
65580,-55,843,273,Colombia
65700,-50,831,265,Colombia
65920,-73,832,286,Colombia
66140,-9,846,294,Colombia
66360,-71,851,278,Colombia
66580,-90,847,278,Colombia
66800,-100,839,292,Colombia
67100,-100,794,294,Colombia
67400,-157,837,299,Colombia
67700,-148,825,301,Colombia
68000,-172,822,322,Colombia
68300,-85,795,340,Colombia
54360,-74,672,167,Comoros
54700,5,728,178,Comoros
55020,-75,667,173,Comoros
55340,-121,612,212,Comoros
57200,86,748,337,Comoros
57500,77,736,336,Comoros
52200,-98,573,298,Congo (Brazzaville)
54580,-109,621,288,Congo (Brazzaville)
54960,-112,564,323,Congo (Brazzaville)
55340,-78,610,291,Congo (Brazzaville)
55720,-110,595,400,Congo (Brazzaville)
56100,-104,606,261,Congo (Brazzaville)
56700,-72,610,304,Congo (Brazzaville)
57300,-131,599,382,Congo (Brazzaville)
57900,-92,588,448,Congo (Brazzaville)
58500,-46,645,405,Congo (Brazzaville)
49340,-22,491,283,Congo (Kinshasa)
50340,-25,617,208,Congo (Kinshasa)
50780,-35,634,230,Congo (Kinshasa)
51220,12,589,187,Congo (Kinshasa)
51660,9,559,305,Congo (Kinshasa)
52100,-48,589,301,Congo (Kinshasa)
52500,-24,646,222,Congo (Kinshasa)
52900,68,551,404,Congo (Kinshasa)
69940,60,868,236,Costa Rica
69880,98,875,240,Costa Rica
69820,96,844,233,Costa Rica
69760,65,876,217,Costa Rica
69700,47,886,221,Costa Rica
69900,-33,876,269,Costa Rica
70100,46,897,263,Costa Rica
70300,18,850,278,Costa Rica
70500,10,837,290,Costa Rica
70700,-59,850,286,Costa Rica
70900,-32,874,281,Costa Rica
71100,-76,874,275,Costa Rica
71300,-107,870,326,Costa Rica
71500,-146,848,303,Costa Rica
67120,-92,586,337,Croatia
67640,-271,637,272,Croatia
67900,-237,607,259,Croatia
68000,-198,598,273,Croatia
68100,-242,622,271,Croatia
68200,-204,590,285,Croatia
68300,132,596,286,Croatia
68400,-96,609,294,Croatia
69000,-65,614,337,Croatia
69600,-104,655,316,Croatia
70200,-151,582,290,Croatia
70800,-137,551,269,Croatia
71400,-63,743,286,Croatia
68440,,647,277,Cuba
71440,18,829,253,Cyprus
72160,54,746,329,Cyprus
72400,73,786,296,Cyprus
72540,180,763,272,Cyprus
72680,98,755,369,Cyprus
72820,102,748,420,Cyprus
72960,60,737,397,Cyprus
73100,114,747,383,Cyprus
73300,-30,742,336,Cyprus
73500,43,784,301,Cyprus
73700,-22,750,298,Cyprus
73900,-8,763,290,Cyprus
74100,,759,284,Cyprus
67000,,723,258,Czech Republic
67440,-63,736,277,Czech Republic
68100,-42,641,244,Czech Republic
68240,-106,601,253,Czech Republic
68380,-154,609,257,Czech Republic
68520,-156,720,253,Czech Republic
68660,-168,678,235,Czech Republic
68800,-146,751,206,Czech Republic
69300,-197,756,201,Czech Republic
69800,-177,739,227,Czech Republic
70300,-292,714,178,Czech Republic
71300,-127,832,290,Czech Republic
69600,,860,154,Denmark
69920,240,828,194,Denmark
70080,272,757,163,Denmark
70240,264,749,234,Denmark
70400,242,785,155,Denmark
70620,298,769,175,Denmark
70840,139,774,209,Denmark
71060,215,862,195,Denmark
71280,118,832,233,Denmark
71500,222,829,218,Denmark
71800,138,836,208,Denmark
72100,155,824,206,Denmark
72400,18,821,206,Denmark
72700,20,862,181,Denmark
73000,52,818,227,Denmark
53260,129,755,120,Djibouti
53780,5,662,232,Djibouti
53780,5,662,232,Djibouti
54700,-57,579,181,Djibouti
62680,38,748,274,Dominican Republic
62960,-8,767,260,Dominican Republic
63240,-45,732,329,Dominican Republic
63520,-53,785,280,Dominican Republic
63800,-75,787,282,Dominican Republic
64020,14,809,300,Dominican Republic
64240,-62,797,297,Dominican Republic
64460,21,793,295,Dominican Republic
64680,-20,798,300,Dominican Republic
64900,-65,714,295,Dominican Republic
65200,-80,760,278,Dominican Republic
65500,-121,739,275,Dominican Republic
65800,-150,745,291,Dominican Republic
66100,-123,784,264,Dominican Republic
66400,-128,734,314,Dominican Republic
66080,-91,825,357,Ecuador
66260,-63,833,286,Ecuador
66440,-94,843,283,Ecuador
66620,-108,840,256,Ecuador
66800,-63,826,220,Ecuador
66960,-155,862,271,Ecuador
67120,-84,847,333,Ecuador
67280,-191,851,267,Ecuador
67440,-167,859,306,Ecuador
67600,-114,851,323,Ecuador
67900,-15,846,365,Ecuador
68200,-167,829,314,Ecuador
68500,-99,876,328,Ecuador
68800,-115,811,374,Ecuador
69100,-157,790,416,Ecuador
59700,,735,346,Egypt
59820,-121,665,355,Egypt
59880,-87,683,301,Egypt
59940,-100,642,339,Egypt
60000,-76,567,276,Egypt
60160,-151,529,353,Egypt
60320,-138,527,398,Egypt
60480,-141,551,483,Egypt
60640,-126,543,327,Egypt
60800,-89,610,344,Egypt
61100,-141,611,370,Egypt
61400,-152,539,414,Egypt
61700,-215,492,285,Egypt
62000,-199,517,313,Egypt
62300,-112,599,442,Egypt
62920,-56,864,233,El Salvador
63240,-15,869,220,El Salvador
63560,-78,842,232,El Salvador
63880,-103,850,243,El Salvador
64200,-64,814,302,El Salvador
64400,-126,875,336,El Salvador
64600,-155,831,365,El Salvador
64800,-150,828,317,El Salvador
65000,-194,837,330,El Salvador
65200,-156,826,333,El Salvador
65500,-185,761,346,El Salvador
65800,-172,849,268,El Salvador
66100,-95,860,270,El Salvador
66400,-109,871,271,El Salvador
66700,-126,839,329,El Salvador
64860,-264,655,215,Estonia
65320,-246,666,176,Estonia
65780,-217,597,218,Estonia
66240,-230,598,243,Estonia
66960,-168,651,205,Estonia
67220,-192,647,199,Estonia
67480,-201,702,199,Estonia
67740,-153,680,203,Estonia
68000,-164,723,183,Estonia
68200,-149,726,177,Estonia
68400,-101,805,160,Estonia
68600,-141,795,163,Estonia
68800,-96,804,156,Estonia
69000,-82,807,188,Estonia
55200,-44,668,137,Ethiopia
55800,-8,643,213,Ethiopia
56400,80,738,303,Ethiopia
57000,113,714,237,Ethiopia
57500,38,727,254,Ethiopia
58000,1,609,304,Ethiopia
58500,39,660,272,Ethiopia
59000,53,631,283,Ethiopia
59500,188,669,252,Ethiopia
69760,-5,722,172,Finland
70080,28,773,144,Finland
70400,91,832,202,Finland
70640,101,773,205,Finland
70880,-1,796,202,Finland
71120,40,769,195,Finland
71360,-1,784,199,Finland
71600,111,751,191,Finland
71700,-27,797,182,Finland
71800,-2,787,176,Finland
71900,-127,782,182,Finland
72000,-52,755,181,Finland
72100,-116,744,193,Finland
71300,,769,225,France
71480,126,777,289,France
71840,-31,746,281,France
72020,-82,763,303,France
72200,-104,790,261,France
72400,-102,781,281,France
72600,-149,754,253,France
72800,-125,800,205,France
73000,-118,811,216,France
73200,-139,786,215,France
73400,-91,773,270,France
73600,-123,762,242,France
73800,-138,767,282,France
74000,-133,735,250,France
74200,-169,732,231,France
55480,-211,591,264,Gabon
56160,-195,470,266,Gabon
56840,-146,510,287,Gabon
57520,-198,539,293,Gabon
58200,-194,626,372,Gabon
58700,-204,640,432,Gabon
59200,-228,634,446,Gabon
59700,-197,641,418,Gabon
60200,-203,693,413,Gabon
54700,111,838,277,Gambia
55000,440,804,379,Gambia
55300,410,773,401,Gambia
65120,-267,433,269,Georgia
65040,-267,427,236,Georgia
64960,-224,441,262,Georgia
64880,-233,492,242,Georgia
64800,-248,502,243,Georgia
64860,-255,515,247,Georgia
64920,-269,559,250,Georgia
64980,-254,595,200,Georgia
65040,-233,570,204,Georgia
65100,-205,547,233,Georgia
64900,-249,564,223,Georgia
64700,-244,581,210,Georgia
64500,-233,573,244,Georgia
64300,-260,604,244,Georgia
64100,-221,611,295,Georgia
70200,,776,197,Germany
70480,167,732,231,Germany
70480,167,732,231,Germany
70760,127,792,206,Germany
70900,95,794,182,Germany
70980,33,794,165,Germany
71060,71,804,170,Germany
71140,24,743,205,Germany
71220,88,785,188,Germany
71300,178,765,203,Germany
71600,148,738,187,Germany
71900,145,737,196,Germany
72200,34,780,243,Germany
72500,57,751,226,Germany
72800,-60,760,206,Germany
52340,213,671,198,Ghana
52780,138,686,217,Ghana
53220,120,717,172,Ghana
53660,5,774,198,Ghana
54100,74,783,184,Ghana
54480,11,744,209,Ghana
54860,40,760,152,Ghana
55240,-65,691,211,Ghana
55620,1,696,280,Ghana
56000,-38,690,265,Ghana
56400,90,668,305,Ghana
56800,79,703,248,Ghana
57200,62,747,250,Ghana
57600,116,682,270,Ghana
58000,200,713,253,Ghana
70500,,692,264,Greece
70900,-190,738,222,Greece
71300,-293,649,254,Greece
71500,-303,634,292,Greece
71560,-316,591,323,Greece
71620,-305,581,352,Greece
71680,-272,689,482,Greece
71740,-288,695,385,Greece
71800,-272,740,277,Greece
72000,-260,701,336,Greece
72200,-290,603,333,Greece
72400,-335,666,255,Greece
72600,-289,668,236,Greece
72800,-241,684,322,Greece
60740,172,818,287,Guatemala
61080,136,819,224,Guatemala
61420,206,834,234,Guatemala
61760,197,829,240,Guatemala
62100,166,850,236,Guatemala
62460,9,844,289,Guatemala
62820,20,863,349,Guatemala
63180,45,867,333,Guatemala
63540,108,835,305,Guatemala
63900,51,851,311,Guatemala
64200,11,846,321,Guatemala
64500,-59,846,308,Guatemala
64800,-10,871,262,Guatemala
65100,-62,859,311,Guatemala
50220,41,701,260,Guinea
50440,1,677,285,Guinea
50660,91,600,348,Guinea
50880,6,629,351,Guinea
51100,7,667,268,Guinea
52200,-56,687,374,Guinea
53300,38,704,422,Guinea
54400,92,744,440,Guinea
55500,97,685,473,Guinea
57260,110,768,296,Guyana
48460,401,613,332,Haiti
40380,261,608,256,Haiti
32300,216,555,293,Haiti
36860,243,625,245,Haiti
41420,289,593,284,Haiti
45980,289,538,327,Haiti
50540,285,593,327,Haiti
55100,306,619,333,Haiti
55300,291,553,367,Haiti
55500,381,573,322,Haiti
55700,422,584,359,Haiti
64540,89,858,155,Honduras
64780,230,759,199,Honduras
65020,223,789,206,Honduras
65260,119,803,261,Honduras
65500,105,797,260,Honduras
65720,95,816,307,Honduras
65940,-3,847,294,Honduras
66160,-27,817,283,Honduras
66380,15,820,299,Honduras
66600,-97,863,311,Honduras
66800,80,832,297,Honduras
67000,72,842,248,Honduras
67200,99,872,287,Honduras
67400,63,850,279,Honduras
,156,723,236,Hong Kong S.A.R. of China
,296,719,237,Hong Kong S.A.R. of China
,308,762,210,Hong Kong S.A.R. of China
,332,710,183,Hong Kong S.A.R. of China
,235,734,196,Hong Kong S.A.R. of China
,222,715,183,Hong Kong S.A.R. of China
,224,684,243,Hong Kong S.A.R. of China
,100,664,213,Hong Kong S.A.R. of China
,140,640,201,Hong Kong S.A.R. of China
,67,599,358,Hong Kong S.A.R. of China
,,609,210,Hong Kong S.A.R. of China
64600,,675,290,Hungary
65000,-161,701,230,Hungary
65400,-125,664,228,Hungary
65600,-145,656,235,Hungary
65760,-89,642,305,Hungary
65920,-136,652,315,Hungary
66080,-113,706,307,Hungary
66240,-150,651,238,Hungary
66400,-198,707,245,Hungary
66800,-187,666,243,Hungary
67200,-139,735,181,Hungary
67600,-243,676,201,Hungary
68000,-195,743,180,Hungary
68400,-120,735,240,Hungary
72320,272,880,153,Iceland
72760,241,900,157,Iceland
72840,306,870,156,Iceland
73000,301,849,180,Iceland
73000,281,874,158,Iceland
73000,246,895,148,Iceland
73000,,836,178,Iceland
73000,160,863,172,Iceland
55720,,687,199,India
56140,-51,668,253,India
56560,-72,674,259,India
56980,-26,771,301,India
57400,58,697,267,India
57700,-38,648,232,India
58000,67,629,295,India
58300,84,680,330,India
58600,-26,711,285,India
58900,-5,701,322,India
59300,46,695,346,India
59700,-42,682,318,India
60100,85,657,357,India
60500,112,648,466,India
60900,75,752,383,India
59840,347,825,266,Indonesia
59980,311,812,242,Indonesia
60120,164,774,239,Indonesia
60260,191,865,193,Indonesia
60400,448,837,218,Indonesia
60620,438,864,273,Indonesia
60840,354,897,229,Indonesia
61060,376,893,249,Indonesia
61280,408,852,242,Indonesia
61500,471,876,274,Indonesia
61700,500,833,342,Indonesia
61900,488,863,319,Indonesia
62100,512,864,296,Indonesia
62300,555,877,302,Indonesia
62000,,608,456,Iran
62760,56,626,361,Iran
63140,52,624,345,Iran
64140,200,578,359,Iran
64380,,609,525,Iran
64620,216,659,552,Iran
64860,241,618,512,Iran
65100,176,645,520,Iran
65400,186,687,526,Iran
65700,218,694,439,Iran
66000,,553,493,Iran
66300,,600,449,Iran
66600,,582,470,Iran
58320,-61,525,448,Iraq
58960,-199,523,404,Iraq
59600,-125,542,431,Iraq
59360,-70,488,557,Iraq
59120,-20,423,449,Iraq
58880,-50,,554,Iraq
58640,-1,574,564,Iraq
58400,19,490,581,Iraq
59000,-52,489,570,Iraq
59600,0,505,591,Iraq
60200,-68,605,482,Iraq
61400,-21,644,532,Iraq
70140,242,878,209,Ireland
70820,322,875,148,Ireland
71160,315,862,233,Ireland
71500,348,876,201,Ireland
71600,383,865,190,Ireland
71700,302,835,237,Ireland
71800,331,814,245,Ireland
71900,264,784,229,Ireland
72000,233,799,225,Ireland
72100,174,809,211,Ireland
72200,216,833,213,Ireland
72300,144,811,213,Ireland
72400,74,807,223,Ireland
72500,14,797,246,Ireland
71120,,696,308,Israel
71440,219,696,320,Israel
71760,139,710,349,Israel
72080,172,695,327,Israel
72400,150,679,362,Israel
72460,141,738,384,Israel
72520,153,665,319,Israel
72580,150,698,409,Israel
72640,94,604,271,Israel
72700,108,697,256,Israel
72900,153,629,263,Israel
73100,145,674,276,Israel
73300,55,663,282,Israel
73500,85,635,266,Israel
73700,-49,621,243,Israel
71900,,679,295,Italy
72260,113,716,303,Italy
72440,49,637,268,Italy
72620,240,775,279,Italy
72800,-60,596,236,Italy
72840,-18,658,266,Italy
72880,113,670,388,Italy
72920,-102,779,357,Italy
72960,-65,716,356,Italy
73000,-64,692,329,Italy
73200,-81,685,339,Italy
73400,-35,661,323,Italy
73600,-21,649,403,Italy
73800,-82,631,328,Italy
74000,-150,670,311,Italy
45780,-153,604,186,Ivory Coast
47100,-31,743,306,Ivory Coast
47400,-80,647,291,Ivory Coast
47700,-53,664,347,Ivory Coast
48300,-43,704,378,Ivory Coast
48900,-111,698,357,Ivory Coast
49500,-50,682,386,Ivory Coast
50100,-17,674,425,Ivory Coast
50700,16,693,340,Ivory Coast
64900,-4,788,201,Jamaica
66220,-64,836,237,Jamaica
66460,-21,734,312,Jamaica
66580,-1,737,310,Jamaica
67100,-130,769,243,Jamaica
67500,-137,752,195,Jamaica
73200,,739,153,Japan
73440,-90,731,207,Japan
73560,-135,780,191,Japan
73680,-210,785,169,Japan
73800,-140,827,188,Japan
73980,-52,776,181,Japan
74160,,777,171,Japan
74340,-147,794,175,Japan
74520,-139,742,189,Japan
74700,-155,768,176,Japan
74800,-62,760,192,Japan
74900,-206,740,176,Japan
75000,-261,703,185,Japan
75100,-255,743,194,Japan
75200,-259,742,186,Japan
63500,,696,240,Jordan
63980,-112,683,240,Jordan
64220,-127,669,331,Jordan
64460,-75,645,265,Jordan
64700,-46,643,343,Jordan
65000,-143,612,260,Jordan
65300,-160,565,345,Jordan
65600,-117,684,286,Jordan
65900,-104,660,313,Jordan
66200,-46,690,305,Jordan
66400,-38,641,312,Jordan
66600,-152,628,392,Jordan
66800,-186,,,Jordan
67000,-165,,,Jordan
67200,-150,,,Jordan
58200,-274,669,185,Kazakhstan
58700,-246,651,179,Kazakhstan
59200,-221,675,160,Kazakhstan
59700,-249,679,129,Kazakhstan
60200,-215,692,149,Kazakhstan
60720,-235,695,154,Kazakhstan
61240,-171,740,184,Kazakhstan
61760,-229,674,164,Kazakhstan
62280,4,718,169,Kazakhstan
62800,-37,730,174,Kazakhstan
63400,-36,702,155,Kazakhstan
64000,-35,757,171,Kazakhstan
64600,-98,693,162,Kazakhstan
65200,-55,787,139,Kazakhstan
65800,-56,684,150,Kazakhstan
50220,-20,705,198,Kenya
51540,54,725,162,Kenya
52860,-12,772,149,Kenya
54180,100,772,183,Kenya
55500,19,819,123,Kenya
56060,22,760,228,Kenya
56620,66,707,194,Kenya
57180,212,765,161,Kenya
57740,172,814,221,Kenya
58300,221,702,172,Kenya
58900,298,743,226,Kenya
59500,234,788,230,Kenya
60100,291,759,237,Kenya
60700,310,751,251,Kenya
61300,260,733,297,Kenya
,144,655,237,Kosovo
,90,,318,Kosovo
,201,598,169,Kosovo
,170,695,118,Kosovo
,4,696,124,Kosovo
,27,596,100,Kosovo
,115,692,203,Kosovo
,12,636,206,Kosovo
,181,753,180,Kosovo
,125,704,150,Kosovo
,117,738,186,Kosovo
,269,778,170,Kosovo
,247,749,141,Kosovo
,,726,201,Kosovo
63960,-236,846,182,Kuwait
64440,7,718,252,Kuwait
64600,-31,718,203,Kuwait
64900,,793,177,Kuwait
65200,,821,95,Kuwait
65500,,752,283,Kuwait
65800,,,,Kuwait
66100,82,723,324,Kuwait
66300,-75,688,315,Kuwait
66500,-5,692,307,Kuwait
66900,-104,695,303,Kuwait
59980,-140,655,159,Kyrgyzstan
60260,-91,655,130,Kyrgyzstan
60540,-100,623,147,Kyrgyzstan
60820,-140,607,165,Kyrgyzstan
61100,-72,650,123,Kyrgyzstan
61520,-155,681,151,Kyrgyzstan
61940,-79,691,182,Kyrgyzstan
62360,-85,722,135,Kyrgyzstan
62780,355,725,185,Kyrgyzstan
63200,200,767,173,Kyrgyzstan
63500,56,778,126,Kyrgyzstan
63800,143,755,160,Kyrgyzstan
64100,267,763,203,Kyrgyzstan
64400,-2,766,207,Kyrgyzstan
64700,103,803,258,Kyrgyzstan
53920,439,886,163,Laos
54440,478,861,136,Laos
54960,416,829,202,Laos
56300,459,900,225,Laos
56600,232,917,387,Laos
58300,73,873,344,Laos
58700,141,852,332,Laos
59100,61,878,306,Laos
59500,141,822,358,Laos
63160,-229,654,234,Latvia
63520,-167,673,247,Latvia
63880,-203,639,215,Latvia
64240,-180,525,242,Latvia
64860,-2,563,222,Latvia
65120,-38,560,232,Latvia
65380,-73,642,227,Latvia
65640,-43,652,226,Latvia
65900,-77,608,228,Latvia
66200,-156,654,231,Latvia
66500,-154,623,232,Latvia
66800,-212,585,192,Latvia
67100,-194,575,212,Latvia
67400,-78,714,202,Latvia
64600,,584,292,Lebanon
64720,69,548,320,Lebanon
64960,35,527,365,Lebanon
65080,71,528,401,Lebanon
65200,73,525,341,Lebanon
65280,6,578,320,Lebanon
65360,-6,499,339,Lebanon
65440,-4,499,409,Lebanon
65520,-12,559,267,Lebanon
65600,73,568,243,Lebanon
66100,31,553,263,Lebanon
66600,-74,515,244,Lebanon
67100,-66,464,271,Lebanon
67600,-81,322,494,Lebanon
45740,-87,793,170,Lesotho
46600,-99,732,270,Lesotho
47300,-145,746,255,Lesotho
48700,-131,735,273,Lesotho
49140,115,613,435,Liberia
49960,-35,585,261,Liberia
51600,-38,595,217,Liberia
53280,-30,543,443,Liberia
53700,-61,505,388,Liberia
54500,33,636,509,Liberia
55300,-12,668,391,Liberia
56100,50,660,436,Liberia
56900,51,636,389,Liberia
62660,-32,695,316,Libya
62300,-44,704,369,Libya
62300,-89,718,383,Libya
62300,-19,697,379,Libya
62300,-101,706,399,Libya
62300,-73,709,401,Libya
63140,-295,621,254,Lithuania
63480,-282,589,279,Lithuania
63820,-259,533,276,Lithuania
64160,-303,526,271,Lithuania
64500,-275,473,272,Lithuania
64700,-148,570,275,Lithuania
64900,-273,581,277,Lithuania
65100,-237,581,294,Lithuania
65300,-263,619,287,Lithuania
65500,-254,595,276,Lithuania
66100,-266,594,250,Lithuania
66700,-174,608,195,Lithuania
67300,-237,517,214,Lithuania
67900,-251,566,276,Lithuania
68500,-122,660,202,Lithuania
71440,127,799,238,Luxembourg
71700,96,809,216,Luxembourg
71880,106,836,200,Luxembourg
72060,59,815,227,Luxembourg
72240,-54,640,185,Luxembourg
72420,106,803,170,Luxembourg
72600,52,757,193,Luxembourg
72600,19,758,192,Luxembourg
72600,44,766,184,Luxembourg
72600,-22,750,202,Luxembourg
72600,-45,789,212,Luxembourg
54040,-39,702,161,Madagascar
54920,-99,614,215,Madagascar
56220,-62,510,235,Madagascar
56640,-55,690,194,Madagascar
57060,-19,734,241,Madagascar
57480,-23,748,192,Madagascar
57900,-41,802,226,Madagascar
58300,-69,813,204,Madagascar
58700,-33,752,375,Madagascar
59100,3,752,362,Madagascar
59500,-12,723,304,Madagascar
44880,200,670,222,Malawi
46260,202,727,176,Malawi
49020,176,765,130,Malawi
51420,99,713,268,Malawi
52440,169,816,200,Malawi
53460,78,808,248,Malawi
54480,61,704,263,Malawi
55500,58,633,260,Malawi
56200,66,603,325,Malawi
56900,25,609,312,Malawi
57600,73,586,365,Malawi
58300,4,537,348,Malawi
64960,201,750,243,Malaysia
65120,89,775,162,Malaysia
65280,44,815,186,Malaysia
65440,-9,822,164,Malaysia
65600,32,832,192,Malaysia
65600,32,832,192,Malaysia
65920,17,867,177,Malaysia
66080,264,736,317,Malaysia
66240,239,770,261,Malaysia
66400,222,775,314,Malaysia
67000,127,824,200,Malaysia
67200,123,834,176,Malaysia
70600,24,,,Maldives
45920,-72,767,209,Mali
47160,-12,682,164,Mali
47780,8,760,150,Mali
48400,-28,797,162,Mali
48760,-101,758,132,Mali
49120,-88,681,109,Mali
49480,-53,724,193,Mali
49840,-37,741,186,Mali
50200,-68,709,243,Mali
50700,-70,807,305,Mali
51200,-69,742,393,Mali
51700,-34,770,370,Mali
52200,-38,712,358,Mali
71380,464,715,358,Malta
71600,287,697,375,Malta
71720,296,736,340,Malta
71840,352,744,391,Malta
71960,410,660,370,Malta
72080,404,652,352,Malta
72200,347,680,355,Malta
72200,345,687,355,Malta
72200,253,721,302,Malta
72200,179,721,296,Malta
72200,87,707,356,Malta
72200,,601,411,Malta
53660,-72,733,174,Mauritania
53940,-18,732,176,Mauritania
54220,39,738,170,Mauritania
54500,55,778,129,Mauritania
54820,52,762,175,Mauritania
55140,-21,782,164,Mauritania
55460,-79,793,196,Mauritania
55780,-54,755,163,Mauritania
56100,55,820,194,Mauritania
56400,-175,735,222,Mauritania
56700,-153,637,272,Mauritania
57000,-112,663,276,Mauritania
57300,-102,692,260,Mauritania
64700,191,738,253,Mauritius
65300,176,808,222,Mauritius
65800,139,785,246,Mauritius
66100,87,748,169,Mauritius
66400,-73,774,158,Mauritius
66700,-53,808,149,Mauritius
67000,-37,767,138,Mauritius
66200,,820,219,Mexico
66320,-95,816,248,Mexico
66380,-128,825,201,Mexico
66440,-76,849,196,Mexico
66500,-48,840,215,Mexico
66680,-99,790,228,Mexico
66860,-93,784,278,Mexico
67040,-165,790,223,Mexico
67220,-94,802,229,Mexico
67400,-152,745,237,Mexico
67700,-153,859,220,Mexico
68000,-202,843,231,Mexico
68300,-179,882,213,Mexico
68600,-141,864,252,Mexico
68900,-119,810,292,Mexico
60580,-164,619,255,Moldova
60760,-186,571,306,Moldova
60940,-56,584,284,Moldova
61120,-99,562,306,Moldova
61300,-88,584,278,Moldova
61620,-82,568,285,Moldova
61940,-50,568,314,Moldova
62260,-69,582,261,Moldova
62580,-113,583,260,Moldova
62900,-90,590,281,Moldova
63600,-47,621,275,Moldova
64300,-53,581,259,Moldova
65000,-84,582,270,Moldova
65700,-92,631,262,Moldova
66400,-58,727,268,Moldova
58820,64,571,203,Mongolia
59280,68,586,173,Mongolia
60200,99,712,150,Mongolia
60500,151,692,153,Mongolia
60800,107,689,181,Mongolia
61100,136,649,179,Mongolia
61400,146,627,170,Mongolia
61700,173,653,208,Mongolia
61900,90,694,171,Mongolia
62100,119,675,214,Mongolia
62300,54,654,192,Mongolia
62500,149,707,167,Mongolia
62700,141,636,260,Mongolia
66200,-134,579,340,Montenegro
66800,-101,623,423,Montenegro
67100,-206,595,410,Montenegro
67260,-226,603,378,Montenegro
67420,-192,574,379,Montenegro
67580,-176,539,331,Montenegro
67740,97,587,368,Montenegro
67900,-144,580,337,Montenegro
68100,-87,591,337,Montenegro
68300,-83,519,350,Montenegro
68500,-51,590,355,Montenegro
68700,-105,591,366,Montenegro
68900,60,603,411,Montenegro
63500,-162,,,Morocco
63800,-218,736,187,Morocco
64100,-187,687,281,Morocco
64400,-210,784,239,Morocco
65000,-228,661,262,Morocco
65300,-237,713,205,Morocco
65600,-216,559,323,Morocco
65900,-234,638,416,Morocco
66200,-244,589,410,Morocco
66500,-229,587,256,Morocco
44800,41,623,327,Mozambique
45500,74,634,240,Mozambique
46200,6,623,280,Mozambique
48320,-24,592,243,Mozambique
51200,89,564,340,Mozambique
53200,-30,648,353,Mozambique
54200,49,640,397,Mozambique
55200,73,587,384,Mozambique
57020,645,764,205,Myanmar
57380,689,803,217,Myanmar
57740,698,858,112,Myanmar
58100,688,866,272,Myanmar
58400,679,804,302,Myanmar
58700,650,746,282,Myanmar
59000,490,777,300,Myanmar
59300,561,755,286,Myanmar
59600,470,800,289,Myanmar
49680,-101,811,160,Namibia
55160,-183,749,239,Namibia
56200,-190,721,277,Namibia
56500,-169,739,240,Namibia
56800,-174,672,256,Namibia
57100,-104,648,248,Namibia
57200,,717,171,Nepal
57700,317,643,152,Nepal
58200,291,745,153,Nepal
58700,44,570,215,Nepal
59200,92,672,226,Nepal
59400,-10,699,207,Nepal
59600,70,736,231,Nepal
59800,151,629,279,Nepal
60000,121,614,287,Nepal
60200,227,543,358,Nepal
61300,168,627,370,Nepal
62400,134,571,376,Nepal
63500,122,537,387,Nepal
64600,167,536,357,Nepal
70400,,869,233,Netherlands
70800,344,818,213,Netherlands
71000,365,788,182,Netherlands
71400,349,853,206,Netherlands
71520,336,863,181,Netherlands
71640,288,861,226,Netherlands
71760,305,867,235,Netherlands
71880,331,868,221,Netherlands
72000,261,834,202,Netherlands
72100,239,838,215,Netherlands
72200,250,852,185,Netherlands
72300,161,862,205,Netherlands
72400,213,838,231,Netherlands
72500,151,784,247,Netherlands
71200,312,880,219,New Zealand
71400,279,854,238,New Zealand
71600,298,854,232,New Zealand
72000,254,847,235,New Zealand
72120,284,864,210,New Zealand
72240,287,866,207,New Zealand
72360,237,835,151,New Zealand
72480,348,848,199,New Zealand
72600,329,834,160,New Zealand
72800,266,833,207,New Zealand
73000,294,817,172,New Zealand
73200,120,845,168,New Zealand
73400,157,816,191,New Zealand
73600,125,849,209,New Zealand
64140,10,779,294,Nicaragua
64480,140,810,287,Nicaragua
64820,76,784,289,Nicaragua
65160,70,781,299,Nicaragua
65500,18,805,268,Nicaragua
65720,-20,791,309,Nicaragua
65940,17,803,255,Nicaragua
66160,39,839,271,Nicaragua
66380,104,813,334,Nicaragua
66600,77,797,346,Nicaragua
66900,39,805,380,Nicaragua
67200,10,850,308,Nicaragua
67500,9,793,408,Nicaragua
67800,29,835,337,Nicaragua
46360,76,755,179,Niger
47120,-56,706,158,Niger
47880,-55,650,194,Niger
48640,-9,730,115,Niger
49400,-23,745,126,Niger
49920,-55,700,166,Niger
50440,-64,603,142,Niger
50960,-77,650,208,Niger
51480,-46,678,205,Niger
52000,-32,682,218,Niger
52500,-16,675,325,Niger
53000,-30,731,427,Niger
53500,9,771,503,Niger
54000,26,816,304,Niger
44120,85,781,178,Nigeria
44640,136,826,141,Nigeria
45160,119,740,244,Nigeria
45680,67,745,225,Nigeria
46200,67,782,190,Nigeria
47120,66,811,209,Nigeria
47580,51,638,286,Nigeria
48500,-35,717,251,Nigeria
48900,43,732,252,Nigeria
49300,124,725,236,Nigeria
49700,-10,805,256,Nigeria
50100,32,715,245,Nigeria
50500,99,744,316,Nigeria
,,709,405,North Cyprus
,,622,443,North Cyprus
,,724,311,North Cyprus
,,702,319,North Cyprus
,,644,346,North Cyprus
,,480,262,North Cyprus
,,494,296,North Cyprus
64095,80,603,251,North Macedonia
64349,-42,576,370,North Macedonia
64502,-58,567,314,North Macedonia
64661,-87,588,363,North Macedonia
64811,-84,642,422,North Macedonia
64942,25,578,331,North Macedonia
65053,35,637,307,North Macedonia
65145,-47,620,299,North Macedonia
65225,80,639,292,North Macedonia
65303,-59,502,299,North Macedonia
65389,-41,590,298,North Macedonia
65474,24,576,304,North Macedonia
65560,131,605,365,North Macedonia
71320,109,832,197,Norway
71560,18,792,155,Norway
72240,147,823,213,Norway
72680,181,834,194,Norway
72900,257,843,209,Norway
73000,133,850,209,Norway
73100,236,849,203,Norway
73200,94,827,212,Norway
73300,111,823,195,Norway
73400,75,823,216,Norway
65500,25,,295,Oman
54200,,,237,Pakistan
55000,89,683,310,Pakistan
55400,100,655,321,Pakistan
55800,77,639,349,Pakistan
56200,300,651,372,Pakistan
56420,30,628,358,Pakistan
56640,165,665,332,Pakistan
56860,100,598,274,Pakistan
57080,140,585,295,Pakistan
57300,85,575,329,Pakistan
57700,95,648,332,Pakistan
58100,45,586,308,Pakistan
58500,69,567,377,Pakistan
58900,124,581,424,Pakistan
61780,,497,431,Palestinian Territories
61897,-80,566,412,Palestinian Territories
62015,-70,571,403,Palestinian Territories
62132,-85,544,466,Palestinian Territories
62250,-117,628,381,Palestinian Territories
,-127,567,388,Palestinian Territories
,-153,616,379,Palestinian Territories
,-150,594,365,Palestinian Territories
,-147,565,380,Palestinian Territories
,-153,594,369,Palestinian Territories
,-129,593,378,Palestinian Territories
,-163,597,416,Palestinian Territories
,,610,419,Palestinian Territories
,,625,400,Palestinian Territories
67900,-47,845,232,Panama
68000,83,820,149,Panama
68100,60,819,150,Panama
68200,14,883,144,Panama
68300,-9,888,146,Panama
68500,9,885,180,Panama
68700,-2,869,207,Panama
68900,18,869,226,Panama
69100,2,808,254,Panama
69300,-7,801,264,Panama
69400,-102,858,244,Panama
69500,-170,833,242,Panama
69600,-131,884,223,Panama
69700,-199,878,244,Panama
63620,66,816,303,Paraguay
63840,132,867,219,Paraguay
64060,57,849,259,Paraguay
64280,27,832,186,Paraguay
64500,76,855,176,Paraguay
64620,191,810,190,Paraguay
64740,200,837,213,Paraguay
64860,46,919,224,Paraguay
64980,-2,944,216,Paraguay
65100,-8,866,219,Paraguay
65300,-71,925,197,Paraguay
65500,3,903,232,Paraguay
65900,28,858,275,Paraguay
65340,-71,697,420,Peru
65580,-78,758,361,Peru
65820,-67,763,354,Peru
66060,-79,811,320,Peru
66300,-60,800,330,Peru
66480,-123,780,331,Peru
66660,-79,757,398,Peru
66840,-66,778,390,Peru
67020,-136,759,319,Peru
67200,-90,754,378,Peru
67500,-134,822,338,Peru
67800,-154,789,394,Peru
68100,-178,809,380,Peru
68400,-130,820,375,Peru
59800,63,832,,Philippines
60000,-22,784,378,Philippines
60200,83,805,384,Philippines
60400,4,846,311,Philippines
60600,33,876,294,Philippines
60800,73,851,358,Philippines
61000,53,865,351,Philippines
61200,21,799,332,Philippines
61400,-15,813,334,Philippines
61600,-51,805,351,Philippines
61700,-71,821,290,Philippines
61800,-141,769,341,Philippines
61900,-108,773,393,Philippines
62000,-83,781,341,Philippines
62100,-116,804,327,Philippines
66300,,715,282,Poland
66700,-47,760,238,Poland
67100,73,690,246,Poland
67300,2,737,234,Poland
67460,-67,725,224,Poland
67620,-27,787,267,Poland
67780,-137,784,242,Poland
67940,-64,777,223,Poland
68100,-93,734,240,Poland
68500,-91,777,224,Poland
68900,-122,677,203,Poland
69300,-254,742,176,Poland
69700,-231,725,168,Poland
70100,-7,760,329,Poland
69840,-179,709,333,Portugal
70320,-217,703,309,Portugal
70800,-106,742,265,Portugal
71000,-173,725,279,Portugal
71200,-97,729,370,Portugal
71400,-118,700,348,Portugal
71600,-126,705,358,Portugal
71800,-163,657,371,Portugal
72000,-225,684,326,Portugal
72200,-176,649,294,Portugal
72400,-261,679,318,Portugal
72600,-234,710,300,Portugal
72800,-238,648,383,Portugal
66580,235,678,258,Qatar
66700,104,,,Qatar
67020,12,761,328,Qatar
67340,162,766,322,Qatar
68300,,,,Qatar
64000,,642,346,Romania
64480,-188,644,277,Romania
64960,-196,548,270,Romania
65200,-85,596,344,Romania
65420,-140,543,294,Romania
65640,-112,556,343,Romania
65860,-129,640,329,Romania
66080,-100,654,331,Romania
66300,-141,714,312,Romania
66600,-115,694,258,Romania
66900,-160,734,231,Romania
67200,-217,735,298,Romania
67500,-221,697,244,Romania
58680,-307,611,232,Russia
59260,-284,623,193,Russia
59840,-305,594,166,Russia
60420,-283,566,169,Russia
61000,-296,589,171,Russia
61420,-279,601,165,Russia
61840,-293,611,174,Russia
62260,-289,680,180,Russia
62680,-265,688,151,Russia
63100,-171,679,130,Russia
63500,-181,636,142,Russia
63900,-145,710,195,Russia
64300,-147,673,199,Russia
64700,-116,691,200,Russia
65100,-71,645,190,Russia
49880,,735,189,Rwanda
53040,17,643,221,Rwanda
54620,-1,678,112,Rwanda
56820,-39,665,154,Rwanda
57440,-12,703,132,Rwanda
58060,-28,760,167,Rwanda
58680,-23,763,134,Rwanda
59300,25,721,206,Rwanda
59900,25,752,285,Rwanda
60500,51,762,358,Rwanda
61100,57,793,308,Rwanda
61700,64,736,418,Rwanda
63500,,730,243,Saudi Arabia
63860,5,772,232,Saudi Arabia
64040,-22,710,202,Saudi Arabia
64220,-110,742,319,Saudi Arabia
64400,-33,645,297,Saudi Arabia
64600,-142,726,240,Saudi Arabia
64800,-120,715,225,Saudi Arabia
65000,-81,744,276,Saudi Arabia
65200,-73,705,313,Saudi Arabia
65400,-45,724,327,Saudi Arabia
65700,-132,793,266,Saudi Arabia
66000,-131,775,306,Saudi Arabia
66300,-192,764,288,Saudi Arabia
66600,-147,732,238,Saudi Arabia
66900,-111,754,251,Saudi Arabia
53380,-51,740,225,Senegal
54060,-2,714,199,Senegal
54740,-30,673,252,Senegal
55420,-36,757,228,Senegal
56100,-77,769,143,Senegal
56560,-160,752,180,Senegal
57020,-36,771,214,Senegal
57480,-52,680,165,Senegal
57940,-45,725,157,Senegal
58400,-111,711,208,Senegal
58800,-86,784,245,Senegal
59200,-44,746,291,Senegal
59600,-74,714,247,Senegal
60000,-19,789,332,Senegal
65600,-165,576,334,Serbia
66000,-178,544,435,Serbia
66200,-170,532,415,Serbia
66360,-185,545,410,Serbia
66520,-130,514,371,Serbia
66680,-100,529,403,Serbia
66840,72,498,326,Serbia
67000,-62,496,303,Serbia
67400,-68,535,298,Serbia
67800,-77,510,326,Serbia
68200,-100,559,296,Serbia
68600,-40,509,242,Serbia
69000,149,603,358,Serbia
40300,101,505,381,Sierra Leone
41200,248,582,290,Sierra Leone
42100,148,534,370,Sierra Leone
43900,12,514,290,Sierra Leone
44320,5,446,300,Sierra Leone
45160,-71,521,423,Sierra Leone
45580,34,570,334,Sierra Leone
46000,50,625,414,Sierra Leone
47600,106,584,456,Sierra Leone
49200,79,600,495,Sierra Leone
50800,95,552,466,Sierra Leone
52400,74,513,438,Sierra Leone
73600,138,751,267,Singapore
73900,293,700,114,Singapore
74200,46,721,256,Singapore
74500,-75,500,208,Singapore
74800,-18,602,131,Singapore
75020,-149,483,144,Singapore
75460,115,770,148,Singapore
75680,154,841,180,Singapore
75900,150,803,142,Singapore
76200,143,824,111,Singapore
76500,136,800,179,Singapore
76800,-66,787,107,Singapore
77100,27,723,138,Singapore
66000,-50,678,308,Slovakia
66800,-101,666,277,Slovakia
67040,10,637,287,Slovakia
67280,-28,656,302,Slovakia
67520,-51,698,277,Slovakia
67760,-126,703,267,Slovakia
68000,-128,714,269,Slovakia
68300,-61,774,232,Slovakia
68600,-55,788,213,Slovakia
68900,-167,754,253,Slovakia
69200,-129,750,252,Slovakia
69500,-75,764,274,Slovakia
68000,43,652,307,Slovenia
68900,-19,641,303,Slovenia
69200,29,671,295,Slovenia
69400,-25,652,285,Slovenia
69600,-20,656,284,Slovenia
69800,36,635,274,Slovenia
70000,52,620,291,Slovenia
70200,8,659,261,Slovenia
70500,-55,626,272,Slovenia
70800,-25,615,286,Slovenia
71100,-119,644,275,Slovenia
71400,-102,679,228,Slovenia
71700,-81,610,314,Slovenia
49600,,834,207,Somalia
50100,,901,187,Somalia
50000,,891,193,Somalia
,,819,112,Somaliland region
,,769,83,Somaliland region
,,749,122,Somaliland region
,,735,152,Somaliland region
48020,-84,802,223,South Africa
48640,-158,735,210,South Africa
49260,-95,773,206,South Africa
49880,-154,727,231,South Africa
50500,-202,794,124,South Africa
51460,-154,763,230,South Africa
52420,-163,761,178,South Africa
53380,-77,773,167,South Africa
54340,-117,798,243,South Africa
55300,-127,781,161,South Africa
55700,-70,786,301,South Africa
56100,-129,785,268,South Africa
56500,-50,812,283,South Africa
56900,-134,801,268,South Africa
57300,-15,820,294,South Africa
70200,-52,651,338,South Korea
70500,-59,690,226,South Korea
70800,-102,643,239,South Korea
71100,-96,697,209,South Korea
71400,-33,662,130,South Korea
71660,-48,656,168,South Korea
71920,,664,206,South Korea
72180,-50,676,189,South Korea
72440,-43,653,283,South Korea
72700,-36,650,244,South Korea
73000,26,676,233,South Korea
73300,14,623,235,South Korea
73600,-89,661,217,South Korea
73900,-55,684,236,South Korea
74200,-106,640,247,South Korea
49840,,614,428,South Sudan
50200,,586,450,South Sudan
50600,,615,549,South Sudan
51000,,586,517,South Sudan
71500,,776,241,Spain
72060,-93,763,264,Spain
72340,-150,772,260,Spain
72620,-127,752,336,Spain
72900,-138,724,322,Spain
73020,-122,737,356,Spain
73140,-59,749,366,Spain
73260,-101,696,372,Spain
73380,-28,716,335,Spain
73500,-72,732,285,Spain
73800,-48,653,301,Spain
74100,-32,625,302,Spain
74400,-75,659,357,Spain
74700,-49,663,316,Spain
75000,-121,686,317,Spain
65780,62,757,216,Sri Lanka
65860,110,709,220,Sri Lanka
65940,163,790,153,Sri Lanka
66020,306,770,172,Sri Lanka
66100,259,823,163,Sri Lanka
66200,145,825,175,Sri Lanka
66300,161,864,197,Sri Lanka
66400,268,860,208,Sri Lanka
66500,299,843,187,Sri Lanka
66600,319,848,235,Sri Lanka
67000,94,795,270,Sri Lanka
67200,106,831,302,Sri Lanka
67400,51,816,315,Sri Lanka
53700,77,734,245,Sudan
54000,-40,669,221,Sudan
54280,-24,586,249,Sudan
54560,-56,576,242,Sudan
55120,-63,541,303,Sudan
62240,-77,764,250,Suriname
40808,-67,821,251,Swaziland
50353,-178,824,252,Swaziland
51270,-191,778,280,Swaziland
71200,,840,151,Sweden
71480,146,796,177,Sweden
71620,125,804,134,Sweden
71760,221,820,151,Sweden
71900,141,833,200,Sweden
71980,161,815,179,Sweden
72060,132,855,170,Sweden
72140,159,829,184,Sweden
72220,202,836,208,Sweden
72300,211,818,191,Sweden
72400,146,816,201,Sweden
72500,170,814,175,Sweden
72600,77,823,161,Sweden
72700,91,826,202,Sweden
72800,91,766,222,Sweden
71540,290,821,212,Switzerland
72260,125,814,202,Switzerland
72780,139,859,176,Switzerland
73060,60,823,189,Switzerland
73200,109,809,166,Switzerland
73500,88,779,206,Switzerland
73800,180,774,196,Switzerland
74100,101,792,192,Switzerland
74400,36,798,171,Switzerland
74700,-64,769,193,Switzerland
63900,122,609,338,Syria
64000,82,574,292,Syria
64100,8,558,225,Syria
62320,131,599,496,Syria
60540,316,464,705,Syria
58760,225,387,622,Syria
55200,45,369,643,Syria
68680,-30,814,94,Taiwan Province of China
69140,-17,794,169,Taiwan Province of China
69600,5,845,136,Taiwan Province of China
,35,827,112,Taiwan Province of China
,22,821,140,Taiwan Province of China
,2,846,124,Taiwan Province of China
,92,849,108,Taiwan Province of China
,19,832,129,Taiwan Province of China
,-49,833,108,Taiwan Province of China
,-70,837,114,Taiwan Province of China
,,848,93,Taiwan Province of China
,,860,93,Taiwan Province of China
,,845,83,Taiwan Province of China
60640,-88,566,195,Tajikistan
61080,0,694,133,Tajikistan
61520,18,606,160,Tajikistan
61960,1,605,203,Tajikistan
62400,62,643,192,Tajikistan
62560,-119,698,166,Tajikistan
62720,-73,714,198,Tajikistan
62880,63,677,170,Tajikistan
63040,2,656,196,Tajikistan
63200,22,689,196,Tajikistan
63500,10,644,220,Tajikistan
63800,124,603,278,Tajikistan
64100,-65,695,220,Tajikistan
64400,-45,729,178,Tajikistan
64700,-40,749,344,Tajikistan
48700,-27,748,209,Tanzania
49600,-13,755,220,Tanzania
50500,256,744,178,Tanzania
51400,308,778,161,Tanzania
52300,139,717,146,Tanzania
53040,-46,765,145,Tanzania
53780,213,679,195,Tanzania
54520,54,738,191,Tanzania
55260,110,731,241,Tanzania
56000,149,619,192,Tanzania
56500,179,694,246,Tanzania
57000,116,715,255,Tanzania
57500,153,762,221,Tanzania
58000,100,726,243,Tanzania
58500,295,686,271,Tanzania
64140,331,814,164,Thailand
64480,391,832,180,Thailand
64820,425,819,145,Thailand
65160,525,898,166,Thailand
65500,536,901,182,Thailand
65720,400,934,117,Thailand
65940,380,855,138,Thailand
66160,456,846,141,Thailand
66380,553,811,169,Thailand
66600,316,910,174,Thailand
66800,356,835,218,Thailand
67000,212,816,232,Thailand
67200,259,843,198,Thailand
67400,309,843,208,Thailand
67600,273,783,326,Thailand
49260,-7,615,348,Togo
50180,-55,362,379,Togo
51580,-70,480,395,Togo
53020,-85,583,443,Togo
53500,-69,599,416,Togo
53900,-7,604,483,Togo
54300,-42,614,426,Togo
54700,-7,608,446,Togo
55100,65,590,444,Togo
61760,141,798,229,Trinidad and Tobago
62080,87,817,184,Trinidad and Tobago
62540,78,906,134,Trinidad and Tobago
62820,128,833,286,Trinidad and Tobago
63500,15,846,248,Trinidad and Tobago
64960,-119,,,Tunisia
65100,-135,725,249,Tunisia
65280,-199,588,248,Tunisia
65460,-176,521,327,Tunisia
65640,-207,517,239,Tunisia
65820,-232,503,321,Tunisia
66000,-226,573,320,Tunisia
66300,-165,612,378,Tunisia
66600,-219,421,377,Tunisia
66900,-191,592,365,Tunisia
67200,-209,539,433,Tunisia
67500,-202,585,439,Tunisia
62600,,557,,Turkey
63320,-178,651,395,Turkey
63680,-189,614,345,Turkey
64040,-227,598,316,Turkey
64400,-187,652,327,Turkey
64640,-242,621,380,Turkey
64880,-216,645,335,Turkey
65120,-229,635,392,Turkey
65360,-24,483,377,Turkey
65600,-16,460,382,Turkey
66000,-65,465,390,Turkey
66400,-237,450,313,Turkey
66800,-176,435,351,Turkey
67200,-136,422,368,Turkey
67600,-111,384,440,Turkey
59440,-102,781,152,Turkmenistan
60040,18,639,122,Turkmenistan
60280,-123,584,117,Turkmenistan
60520,-71,599,160,Turkmenistan
60760,32,695,154,Turkmenistan
61000,93,705,301,Turkmenistan
61400,5,636,255,Turkmenistan
61800,66,521,350,Turkmenistan
62200,260,612,189,Turkmenistan
62600,285,510,183,Turkmenistan
46480,-41,590,254,Uganda
47460,-1,708,228,Uganda
48440,-55,641,240,Uganda
49420,-37,640,296,Uganda
50400,-15,648,251,Uganda
51220,32,678,254,Uganda
52040,81,754,265,Uganda
52860,53,676,346,Uganda
53680,9,681,397,Uganda
54500,135,703,353,Uganda
54900,132,668,410,Uganda
55300,60,703,400,Uganda
55700,79,685,390,Uganda
56100,139,693,385,Uganda
56500,147,699,425,Uganda
60120,-257,622,249,Ukraine
60640,-241,636,208,Ukraine
61160,-265,573,186,Ukraine
61680,-241,583,189,Ukraine
62200,-189,513,227,Ukraine
62500,-228,590,220,Ukraine
62800,-223,570,193,Ukraine
63100,-216,643,225,Ukraine
63400,84,594,249,Ukraine
63700,-33,574,241,Ukraine
64000,11,589,220,Ukraine
64300,-2,597,235,Ukraine
64600,-74,609,222,Ukraine
64900,-81,634,201,Ukraine
65200,126,688,285,Ukraine
65920,-33,746,275,United Arab Emirates
66280,19,770,287,United Arab Emirates
66400,57,763,233,United Arab Emirates
66420,71,763,216,United Arab Emirates
66440,,768,224,United Arab Emirates
66460,,,291,United Arab Emirates
66480,,,,United Arab Emirates
66500,201,761,296,United Arab Emirates
66700,131,775,245,United Arab Emirates
66900,216,795,208,United Arab Emirates
67100,54,787,302,United Arab Emirates
67300,129,793,284,United Arab Emirates
67500,60,752,298,United Arab Emirates
69900,,864,262,United Kingdom
70460,336,782,241,United Kingdom
70740,331,819,218,United Kingdom
71020,341,846,231,United Kingdom
71300,403,863,176,United Kingdom
71380,336,844,174,United Kingdom
71460,371,844,184,United Kingdom
71540,346,776,252,United Kingdom
71620,355,794,251,United Kingdom
71700,300,798,219,United Kingdom
71900,250,776,230,United Kingdom
72100,291,759,210,United Kingdom
72300,226,783,228,United Kingdom
72500,271,775,251,United Kingdom
72700,203,758,225,United Kingdom
68060,,827,261,United States
68220,197,829,232,United States
68380,255,872,227,United States
68540,201,843,262,United States
68700,244,861,231,United States
68680,161,836,273,United States
68660,215,834,260,United States
68640,274,814,260,United States
68620,221,834,281,United States
68600,219,814,275,United States
68500,144,806,264,United States
68400,197,827,268,United States
68300,116,815,292,United States
68200,144,815,244,United States
68100,34,787,295,United States
67440,-113,784,306,Uruguay
67580,-165,777,274,Uruguay
67720,-143,751,264,Uruguay
67860,-118,793,255,Uruguay
68000,-158,807,231,Uruguay
68140,-80,805,252,Uruguay
68280,67,788,214,Uruguay
68420,-43,826,253,Uruguay
68560,-73,869,251,Uruguay
68700,-32,893,300,Uruguay
68800,-72,842,283,Uruguay
68900,-91,836,280,Uruguay
69000,-97,877,275,Uruguay
69100,-95,889,222,Uruguay
69200,-84,807,265,Uruguay
61440,-115,728,195,Uzbekistan
62320,-23,714,187,Uzbekistan
62760,13,736,159,Uzbekistan
63200,-30,776,152,Uzbekistan
63400,42,787,123,Uzbekistan
63600,-37,786,118,Uzbekistan
63800,-34,749,130,Uzbekistan
64000,61,805,106,Uzbekistan
64200,375,840,103,Uzbekistan
64500,208,842,147,Uzbekistan
64800,123,839,203,Uzbekistan
65100,318,825,209,Uzbekistan
65400,304,845,220,Uzbekistan
65400,,819,233,Venezuela
65460,-31,859,178,Venezuela
65580,-225,802,224,Venezuela
65640,-116,825,180,Venezuela
65700,-155,862,130,Venezuela
65740,-226,828,199,Venezuela
65780,-193,858,176,Venezuela
65820,-220,840,238,Venezuela
65860,-199,811,244,Venezuela
65900,-117,867,223,Venezuela
66100,-155,688,392,Venezuela
66300,-169,726,363,Venezuela
66500,,759,374,Venezuela
66700,,761,351,Venezuela
66900,,722,396,Venezuela
65860,15,682,204,Vietnam
66020,89,588,206,Vietnam
66180,201,665,218,Vietnam
66340,-62,583,190,Vietnam
66500,-6,685,216,Vietnam
66660,105,532,193,Vietnam
66820,-110,615,221,Vietnam
66980,-27,718,165,Vietnam
67140,0,701,241,Vietnam
67300,86,642,232,Vietnam
67500,-90,536,223,Vietnam
67700,,,,Vietnam
67900,-41,692,191,Vietnam
68100,-126,751,186,Vietnam
53400,11,592,379,Yemen
54000,-52,583,374,Yemen
54300,-104,582,308,Yemen
54300,-173,503,285,Yemen
54300,-171,502,263,Yemen
54300,-179,558,266,Yemen
54300,-157,611,276,Yemen
54300,-139,507,321,Yemen
55100,-151,469,228,Yemen
55900,-147,455,295,Yemen
56700,,461,315,Yemen
57500,,543,213,Yemen
44260,-6,701,226,Zambia
45720,-67,687,246,Zambia
47180,56,744,206,Zambia
48640,-96,728,123,Zambia
50840,3,833,204,Zambia
51580,8,726,250,Zambia
52320,-104,735,308,Zambia
53060,-11,692,327,Zambia
53800,-39,690,382,Zambia
54300,122,731,372,Zambia
54800,140,685,387,Zambia
55300,48,703,351,Zambia
55800,77,743,394,Zambia
56300,56,691,345,Zambia
41580,-76,715,297,Zimbabwe
42860,-82,661,265,Zimbabwe
44140,-90,631,250,Zimbabwe
45420,-78,736,218,Zimbabwe
46700,-93,748,122,Zimbabwe
48120,-88,781,211,Zimbabwe
49540,-103,669,177,Zimbabwe
50960,-104,712,182,Zimbabwe
52380,-74,725,239,Zimbabwe
53800,-123,715,179,Zimbabwe
54400,-95,738,209,Zimbabwe
55000,-98,806,224,Zimbabwe
55600,-68,710,212,Zimbabwe
56200,-64,716,235,Zimbabwe
56800,-9,703,346,Zimbabwe
